OP;                                                              CPU; GPU; HPU; COMPOUND; DI_DE; MISSING; TERT; IN_TOPOS; COUNT; TOPOS_LIST
_quantized::linear_dynamic;                                      YES; NO;  NO;  NA;       NA;    NO;      NO;   NO;           0;
_quantized::linear_prepack_fp16;                                 YES; NO;  NO;  NA;       NA;    NO;      NO;   NO;           0;
_quantized::linear_prepack_fp16_legacy;                          YES; NO;  NO;  NA;       NA;    NO;      NO;   NO;           0;
aten::__ilshift__;                                               YES; YES; YES; NO;       DT_DF; NO;      NO;   NO;           0;
aten::__irshift__;                                               YES; YES; YES; NO;       DT_DF; NO;      NO;   NO;           0;
aten::__lshift__;                                                YES; YES; YES; NO;       DT_DF; NO;      NO;   NO;           0;
aten::__rshift__;                                                YES; YES; YES; NO;       DT_DF; NO;      NO;   NO;           0;
aten::_adaptive_avg_pool2d;                                      YES; YES; YES; NO;       DT_DF; NO;      NO;   NO;           0;
aten::_adaptive_avg_pool2d_backward;                             YES; YES; YES; NO;       DT_DF; NO;      NO;   NO;           0;
aten::_adaptive_avg_pool3d;                                      YES; YES; NO;  NO;       DT_DF; YES;     NO;   NO;           0;
aten::_adaptive_avg_pool3d_backward;                             YES; YES; NO;  NO;       DT_DF; YES;     NO;   NO;           0;
aten::_add_relu;                                                 YES; NO;  NO;  NO;       DT_DF; NO;      NO;   NO;           0;
aten::_addmm_activation;                                         YES; YES; NO;  NO;       DT_DT; YES;     NO;   NO;           0;
aten::_aminmax;                                                  YES; YES; NO;  NO;       DT_DF; YES;     NO;   NO;           0;
aten::_amp_foreach_non_finite_check_and_unscale;                 NO;  YES; NO;  NO;       DT_DT; YES;     NO;   NO;           0;
aten::_amp_update_scale;                                         NO;  YES; NO;  NO;       DT_DT; YES;     NO;   NO;           0;
aten::_assert_async;                                             YES; YES; NO;  NO;       DT_DF; YES;     NO;   NO;           0;
aten::_cdist_backward;                                           YES; YES; NO;  NO;       DT_DF; YES;     NO;   NO;           0;
aten::_cdist_forward;                                            YES; YES; NO;  NO;       DT_DF; YES;     NO;   NO;           0;
aten::_cholesky_solve_helper;                                    YES; YES; NO;  NO;       DT_DF; YES;     NO;   NO;           0;
aten::_compute_linear_combination;                               YES; YES; NO;  NO;       DT_DF; YES;     NO;   NO;           0;
aten::_conv_depthwise2d;                                         NO;  YES; NO;  NO;       DT_DF; YES;     NO;   NO;           0;
aten::_convert_indices_from_coo_to_csr;                          YES; YES; NO;  NO;       DT_DT; YES;     NO;   NO;           0;
aten::_convert_indices_from_csr_to_coo;                          YES; YES; NO;  NO;       DT_DT; YES;     NO;   NO;           0;
aten::_copy_from_and_resize;                                     NO;  NO;  YES; NO;       DT_DF; NO;      NO;   NO;           0;
aten::_ctc_loss;                                                 YES; YES; NO;  NO;       DT_DF; YES;     NO;   NO;           0;
aten::_ctc_loss_backward;                                        YES; YES; NO;  NO;       DT_DF; YES;     NO;   NO;           0;
aten::_cudnn_ctc_loss;                                           NO;  YES; NO;  NO;       DT_DF; YES;     NO;   NO;           0;
aten::_cudnn_init_dropout_state;                                 NO;  YES; NO;  NO;       DT_DF; YES;     NO;   NO;           0;
aten::_cudnn_rnn;                                                NO;  YES; NO;  NO;       DT_DF; YES;     NO;   NO;           0;
aten::_cudnn_rnn_backward;                                       NO;  YES; NO;  NO;       DT_DF; YES;     NO;   NO;           0;
aten::_cudnn_rnn_flatten_weight;                                 NO;  YES; NO;  NO;       DT_DF; YES;     NO;   NO;           0;
aten::_cummax_helper;                                            YES; YES; NO;  NO;       DT_DF; YES;     NO;   NO;           0;
aten::_cummin_helper;                                            YES; YES; NO;  NO;       DT_DF; YES;     NO;   NO;           0;
aten::_dirichlet_grad;                                           YES; YES; NO;  NO;       DT_DF; YES;     NO;   NO;           0;
aten::_efficientzerotensor;                                      YES; YES; YES; NO;       DT_DF; NO;      NO;   NO;           0;
aten::_embedding_bag;                                            YES; YES; NO;  NO;       DT_DF; YES;     NO;   NO;           0;
aten::_embedding_bag_dense_backward;                             YES; YES; NO;  NO;       DT_DF; YES;     NO;   NO;           0;
aten::_embedding_bag_forward_only;                               YES; YES; NO;  NO;       DT_DF; YES;     NO;   NO;           0;
aten::_embedding_bag_per_sample_weights_backward;                YES; YES; NO;  NO;       DT_DF; YES;     NO;   NO;           0;
aten::_empty_affine_quantized;                                   YES; NO;  NO;  NO;       DT_DF; NO;      NO;   NO;           0;
aten::_empty_per_channel_affine_quantized;                       YES; NO;  NO;  NO;       DT_DF; NO;      NO;   NO;           0;
aten::_fake_quantize_learnable_per_channel_affine;               YES; YES; NO;  NO;       DT_DF; YES;     NO;   NO;           0;
aten::_fake_quantize_learnable_per_channel_affine_backward;      YES; YES; NO;  NO;       DT_DF; YES;     NO;   NO;           0;
aten::_fake_quantize_learnable_per_tensor_affine;                YES; YES; NO;  NO;       DT_DF; YES;     NO;   NO;           0;
aten::_fake_quantize_learnable_per_tensor_affine_backward;       YES; YES; NO;  NO;       DT_DF; YES;     NO;   NO;           0;
aten::_fake_quantize_per_tensor_affine_cachemask_tensor_qparams; YES; YES; NO;  NO;       DT_DF; YES;     NO;   NO;           0;
aten::_fft_c2c;                                                  YES; YES; NO;  NO;       DT_DF; YES;     NO;   NO;           0;
aten::_fft_c2r;                                                  YES; YES; NO;  NO;       DT_DF; YES;     NO;   NO;           0;
aten::_fft_r2c;                                                  YES; YES; NO;  NO;       DT_DF; YES;     NO;   NO;           0;
aten::_flash_scaled_dot_product_attention;                       NO;  YES; NO;  NO;       DT_DF; YES;     NO;   NO;           0;
aten::_foobar;                                                   YES; NO;  NO;  NO;       DT_DF; NO;      NO;   NO;           0;
aten::_foreach_abs;                                              YES; YES; YES; NO;       DT_DF; NO;      NO;   NO;           0;
aten::_foreach_acos;                                             YES; YES; YES; NO;       DT_DF; NO;      NO;   NO;           0;
aten::_foreach_add;                                              YES; YES; YES; NO;       DT_DF; NO;      NO;   NO;           0;
aten::_foreach_addcdiv;                                          YES; YES; NO;  NO;       DT_DF; YES;     NO;   NO;           0;
aten::_foreach_addcmul;                                          YES; YES; NO;  NO;       DT_DF; YES;     NO;   NO;           0;
aten::_foreach_asin;                                             YES; YES; YES; NO;       DT_DF; NO;      NO;   NO;           0;
aten::_foreach_atan;                                             YES; YES; YES; NO;       DT_DF; NO;      NO;   NO;           0;
aten::_foreach_ceil;                                             YES; YES; YES; NO;       DT_DF; NO;      NO;   NO;           0;
aten::_foreach_cos;                                              YES; YES; YES; NO;       DT_DF; NO;      NO;   NO;           0;
aten::_foreach_cosh;                                             YES; YES; YES; NO;       DT_DF; NO;      NO;   NO;           0;
aten::_foreach_div;                                              YES; YES; NO;  NO;       DT_DF; YES;     NO;   NO;           0;
aten::_foreach_erf;                                              YES; YES; YES; NO;       DT_DF; NO;      NO;   NO;           0;
aten::_foreach_erfc;                                             YES; YES; YES; NO;       DT_DF; NO;      NO;   NO;           0;
aten::_foreach_exp;                                              YES; YES; YES; NO;       DT_DF; NO;      NO;   NO;           0;
aten::_foreach_expm1;                                            YES; YES; YES; NO;       DT_DF; NO;      NO;   NO;           0;
aten::_foreach_floor;                                            YES; YES; YES; NO;       DT_DF; NO;      NO;   NO;           0;
aten::_foreach_frac;                                             YES; YES; YES; NO;       DT_DF; NO;      NO;   NO;           0;
aten::_foreach_lgamma;                                           YES; YES; NO;  NO;       DT_DF; YES;     NO;   NO;           0;
aten::_foreach_log;                                              YES; YES; YES; NO;       DT_DF; NO;      NO;   NO;           0;
aten::_foreach_log10;                                            YES; YES; YES; NO;       DT_DF; NO;      NO;   NO;           0;
aten::_foreach_log1p;                                            YES; YES; YES; NO;       DT_DF; NO;      NO;   NO;           0;
aten::_foreach_log2;                                             YES; YES; YES; NO;       DT_DF; NO;      NO;   NO;           0;
aten::_foreach_maximum;                                          YES; YES; NO;  NO;       DT_DF; YES;     NO;   NO;           0;
aten::_foreach_minimum;                                          YES; YES; NO;  NO;       DT_DF; YES;     NO;   NO;           0;
aten::_foreach_mul;                                              YES; YES; NO;  NO;       DT_DF; YES;     NO;   NO;           0;
aten::_foreach_neg;                                              YES; YES; YES; NO;       DT_DF; NO;      NO;   NO;           0;
aten::_foreach_norm;                                             YES; YES; NO;  NO;       DT_DF; YES;     NO;   NO;           0;
aten::_foreach_reciprocal;                                       YES; YES; YES; NO;       DT_DF; NO;      NO;   NO;           0;
aten::_foreach_round;                                            YES; YES; YES; NO;       DT_DF; NO;      NO;   NO;           0;
aten::_foreach_sigmoid;                                          YES; YES; YES; NO;       DT_DF; NO;      NO;   NO;           0;
aten::_foreach_sin;                                              YES; YES; YES; NO;       DT_DF; NO;      NO;   NO;           0;
aten::_foreach_sinh;                                             YES; YES; YES; NO;       DT_DF; NO;      NO;   NO;           0;
aten::_foreach_sqrt;                                             YES; YES; YES; NO;       DT_DF; NO;      NO;   NO;           0;
aten::_foreach_sub;                                              YES; YES; NO;  NO;       DT_DF; YES;     NO;   NO;           0;
aten::_foreach_tan;                                              YES; YES; YES; NO;       DT_DF; NO;      NO;   NO;           0;
aten::_foreach_tanh;                                             YES; YES; YES; NO;       DT_DF; NO;      NO;   NO;           0;
aten::_foreach_trunc;                                            YES; YES; YES; NO;       DT_DF; NO;      NO;   NO;           0;
aten::_foreach_zero;                                             YES; YES; YES; NO;       DT_DT; NO;      NO;   NO;           0;
aten::_fused_adam;                                               NO;  YES; NO;  NO;       DT_DT; YES;     NO;   NO;           0;
aten::_fused_dropout;                                            NO;  YES; YES; NO;       DT_DF; NO;      NO;   NO;           0;
aten::_fused_moving_avg_obs_fq_helper;                           YES; YES; NO;  NO;       DT_DF; YES;     NO;   NO;           0;
aten::_histogramdd_bin_edges;                                    YES; NO;  NO;  NO;       DT_DF; NO;      NO;   NO;           0;
aten::_histogramdd_from_bin_cts;                                 YES; NO;  NO;  NO;       DT_DF; NO;      NO;   NO;           0;
aten::_histogramdd_from_bin_tensors;                             YES; NO;  NO;  NO;       DT_DF; NO;      NO;   NO;           0;
aten::_index_put_impl;                                           YES; YES; YES; NO;       DT_DT; NO;      NO;   NO;           0;
aten::_linalg_det;                                               YES; YES; NO;  NO;       DT_DT; YES;     NO;   NO;           0;
aten::_linalg_eigh;                                              YES; YES; NO;  NO;       DT_DT; YES;     NO;   NO;           0;
aten::_linalg_slogdet;                                           YES; YES; NO;  NO;       DT_DT; YES;     NO;   NO;           0;
aten::_linalg_solve_ex;                                          YES; YES; NO;  NO;       DT_DT; YES;     NO;   NO;           0;
aten::_linalg_svd;                                               YES; YES; NO;  NO;       DT_DT; YES;     NO;   NO;           0;
aten::_local_scalar_dense;                                       YES; YES; YES; NO;       DT_DF; NO;      NO;   NO;           0;
aten::_log_softmax;                                              YES; YES; YES; NO;       DT_DT; NO;      NO;   NO;           0;
aten::_log_softmax_backward_data;                                YES; YES; YES; NO;       DT_DT; NO;      NO;   NO;           0;
aten::_logcumsumexp;                                             YES; YES; NO;  NO;       DT_DF; YES;     NO;   NO;           0;
aten::_make_per_channel_quantized_tensor;                        YES; YES; NO;  NO;       DT_DF; YES;     NO;   NO;           0;
aten::_make_per_tensor_quantized_tensor;                         YES; YES; NO;  NO;       DT_DF; YES;     NO;   NO;           0;
aten::_masked_scale;                                             NO;  YES; YES; NO;       DT_DF; NO;      NO;   NO;           0;
aten::_masked_softmax;                                           YES; YES; NO;  NO;       DT_DF; YES;     NO;   NO;           0;
aten::_masked_softmax_backward;                                  YES; YES; NO;  NO;       DT_DF; YES;     NO;   NO;           0;
aten::_native_decoder_only_multi_head_attention;                 YES; YES; NO;  NO;       DT_DF; YES;     NO;   NO;           0;
aten::_native_multi_head_attention;                              YES; YES; NO;  NO;       DT_DF; YES;     NO;   NO;           0;
aten::_nested_from_padded;                                       YES; YES; NO;  NO;       DT_DF; YES;     NO;   NO;           0;
aten::_nested_tensor_from_mask;                                  YES; YES; NO;  NO;       DT_DF; YES;     NO;   NO;           0;
aten::_nested_tensor_from_mask_left_aligned;                     YES; YES; NO;  NO;       DT_DF; YES;     NO;   NO;           0;
aten::_nested_view_from_buffer;                                  YES; YES; NO;  NO;       DT_DF; YES;     NO;   NO;           0;
aten::_pdist_backward;                                           YES; YES; NO;  NO;       DT_DF; YES;     NO;   NO;           0;
aten::_pdist_forward;                                            YES; YES; NO;  NO;       DT_DF; YES;     NO;   NO;           0;
aten::_pin_memory;                                               NO;  YES; YES; NO;       DT_DF; NO;      NO;   NO;           0;
aten::_reshape_alias;                                            YES; YES; YES; NO;       DT_DF; NO;      NO;   NO;           0;
aten::_sample_dirichlet;                                         YES; YES; NO;  NO;       DT_DF; YES;     NO;   NO;           0;
aten::_scaled_dot_product_attention_forward;                     YES; YES; NO;  NO;       DT_DF; YES;     NO;   NO;           0;
aten::_segment_reduce_backward;                                  YES; YES; NO;  NO;       DT_DF; YES;     NO;   NO;           0;
aten::_slow_conv2d_backward;                                     YES; YES; NO;  NO;       DT_DF; YES;     NO;   NO;           0;
aten::_slow_conv2d_forward;                                      YES; YES; NO;  NO;       DT_DF; YES;     NO;   NO;           0;
aten::_softmax;                                                  YES; YES; YES; NO;       DT_DT; NO;      NO;   NO;           0;
aten::_softmax_backward_data;                                    YES; YES; YES; NO;       DT_DT; NO;      NO;   NO;           0;
aten::_spdiags;                                                  YES; NO;  NO;  NO;       DT_DF; NO;      NO;   NO;           0;
aten::_stack;                                                    YES; NO;  NO;  NO;       DT_DT; NO;      NO;   NO;           0;
aten::_standard_gamma;                                           YES; YES; NO;  NO;       DT_DF; YES;     NO;   NO;           0;
aten::_standard_gamma_grad;                                      YES; YES; NO;  NO;       DT_DF; YES;     NO;   NO;           0;
aten::_symeig_helper;                                            YES; YES; NO;  NO;       DT_DF; YES;     NO;   NO;           0;
aten::_test_autograd_multiple_dispatch;                          NO;  YES; NO;  NO;       DT_DT; YES;     NO;   NO;           0;
aten::_test_autograd_multiple_dispatch_view;                     NO;  YES; NO;  NO;       DT_DT; YES;     NO;   NO;           0;
aten::_test_autograd_multiple_dispatch_view_copy;                NO;  YES; NO;  NO;       DT_DT; YES;     NO;   NO;           0;
aten::_test_optional_filled_intlist;                             YES; NO;  NO;  NO;       DT_DF; NO;      NO;   NO;           0;
aten::_test_optional_floatlist;                                  YES; NO;  NO;  NO;       DT_DF; NO;      NO;   NO;           0;
aten::_test_optional_intlist;                                    YES; NO;  NO;  NO;       DT_DF; NO;      NO;   NO;           0;
aten::_thnn_fused_gru_cell;                                      NO;  YES; NO;  NO;       DT_DF; YES;     NO;   NO;           0;
aten::_thnn_fused_gru_cell_backward;                             NO;  YES; NO;  NO;       DT_DF; YES;     NO;   NO;           0;
aten::_thnn_fused_lstm_cell;                                     NO;  YES; NO;  NO;       DT_DF; YES;     NO;   NO;           0;
aten::_thnn_fused_lstm_cell_backward_impl;                       NO;  YES; NO;  NO;       DT_DF; YES;     NO;   NO;           0;
aten::_to_copy;                                                  NO;  NO;  YES; NO;       DT_DT; NO;      NO;   NO;           0;
aten::_torch_cuda_cu_linker_symbol_op;                           NO;  YES; NO;  NO;       DT_DF; YES;     NO;   NO;           0;
aten::_transform_bias_rescale_qkv;                               YES; YES; NO;  NO;       DT_DF; YES;     NO;   NO;           0;
aten::_transformer_decoder_only_layer_fwd;                       YES; YES; NO;  NO;       DT_DF; YES;     NO;   NO;           0;
aten::_transformer_encoder_layer_fwd;                            YES; YES; NO;  NO;       DT_DF; YES;     NO;   NO;           0;
aten::_triton_multi_head_attention;                              NO;  YES; NO;  NO;       DT_DF; YES;     NO;   NO;           0;
aten::_triton_scaled_dot_attention;                              NO;  YES; NO;  NO;       DT_DF; YES;     NO;   NO;           0;
aten::_unique;                                                   YES; YES; YES; NO;       DT_DF; NO;      NO;   NO;           0;
aten::_unique2;                                                  YES; YES; YES; NO;       DT_DF; NO;      NO;   NO;           0;
aten::_unsafe_view;                                              NO;  NO;  YES; NO;       DT_DT; NO;      NO;   NO;           0;
aten::_upsample_bicubic2d_aa;                                    YES; YES; NO;  NO;       DT_DT; YES;     NO;   NO;           0;
aten::_upsample_bicubic2d_aa_backward;                           YES; YES; NO;  NO;       DT_DT; YES;     NO;   NO;           0;
aten::_upsample_bilinear2d_aa;                                   YES; YES; NO;  NO;       DT_DT; YES;     NO;   NO;           0;
aten::_upsample_bilinear2d_aa_backward;                          YES; YES; NO;  NO;       DT_DT; YES;     NO;   NO;           0;
aten::_upsample_nearest_exact1d;                                 YES; YES; NO;  NO;       DT_DT; YES;     NO;   NO;           0;
aten::_upsample_nearest_exact1d_backward;                        YES; YES; NO;  NO;       DT_DT; YES;     NO;   NO;           0;
aten::_upsample_nearest_exact2d;                                 YES; YES; NO;  NO;       DT_DT; YES;     NO;   NO;           0;
aten::_upsample_nearest_exact2d_backward;                        YES; YES; NO;  NO;       DT_DT; YES;     NO;   NO;           0;
aten::_upsample_nearest_exact3d;                                 YES; YES; NO;  NO;       DT_DT; YES;     NO;   NO;           0;
aten::_upsample_nearest_exact3d_backward;                        YES; YES; NO;  NO;       DT_DT; YES;     NO;   NO;           0;
aten::_use_cudnn_ctc_loss;                                       NO;  YES; NO;  NO;       DT_DF; YES;     NO;   NO;           0;
aten::_validate_compressed_sparse_indices;                       YES; YES; NO;  NO;       DT_DF; YES;     NO;   NO;           0;
aten::_weight_norm_interface;                                    YES; YES; YES; NO;       DT_DF; NO;      NO;   NO;           0;
aten::_weight_norm_interface_backward;                           YES; YES; YES; NO;       DT_DF; NO;      NO;   NO;           0;
aten::abs;                                                       YES; YES; YES; NO;       DT_DT; NO;      YES;  NO;           0;
aten::acos;                                                      YES; YES; YES; NO;       DT_DT; NO;      YES;  NO;           0;
aten::acosh;                                                     YES; YES; YES; NO;       DT_DT; NO;      YES;  NO;           0;
aten::adaptive_avg_pool2d;                                       YES; YES; YES; YES;      DF_DT; NO;      YES;  YES;         11; alexnet, densenet161, googlenet, inception_v3, mobilenet_v2, resnet18, resnet50, resnext50_32x4d, squeezenet1_0, vgg16, wide_resnet50_2
aten::adaptive_avg_pool3d;                                       YES; YES; NO;  YES;      DF_DT; YES;     YES;  YES;          1; r3d_18
aten::adaptive_avg_pool3d_backward;                              YES; YES; NO;  NO;       DT_DF; YES;     NO;   NO;           0;
aten::adaptive_max_pool2d;                                       YES; YES; NO;  NO;       DT_DT; YES;     YES;  NO;           0;
aten::adaptive_max_pool2d_backward;                              YES; YES; NO;  NO;       DT_DT; YES;     NO;   NO;           0;
aten::adaptive_max_pool3d;                                       YES; YES; NO;  NO;       DT_DT; YES;     YES;  NO;           0;
aten::adaptive_max_pool3d_backward;                              YES; YES; NO;  NO;       DT_DT; YES;     NO;   NO;           0;
aten::add;                                                       YES; YES; YES; NO;       DT_DT; NO;      YES;  YES;          9; googlenet, inception_v3, mnasnet1_0, mobilenet_v2, r3d_18, resnet18, resnet50, resnext50_32x4d, wide_resnet50_2
aten::addbmm;                                                    YES; YES; YES; NO;       DT_DF; NO;      NO;   NO;           0;
aten::addcdiv;                                                   YES; YES; YES; NO;       DT_DT; NO;      NO;   NO;           0;
aten::addcmul;                                                   YES; YES; YES; NO;       DT_DT; NO;      NO;   NO;           0;
aten::addmm;                                                     YES; YES; YES; NO;       DT_DT; NO;      NO;   NO;           0;
aten::addmv;                                                     YES; YES; YES; NO;       DT_DT; NO;      NO;   NO;           0;
aten::addr;                                                      YES; YES; YES; NO;       DT_DT; NO;      NO;   NO;           0;
aten::alias;                                                     NO;  NO;  YES; NO;       DT_DT; NO;      NO;   NO;           0;
aten::all;                                                       YES; YES; YES; NO;       DT_DT; NO;      NO;   NO;           0;
aten::amax;                                                      YES; YES; YES; NO;       DT_DT; NO;      NO;   NO;           0;
aten::amin;                                                      YES; YES; YES; NO;       DT_DT; NO;      NO;   NO;           0;
aten::aminmax;                                                   YES; YES; YES; NO;       DT_DT; NO;      NO;   NO;           0;
aten::angle;                                                     YES; YES; NO;  NO;       DT_DF; YES;     NO;   NO;           0;
aten::any;                                                       YES; YES; YES; NO;       DT_DT; NO;      NO;   NO;           0;
aten::arange;                                                    YES; YES; YES; NO;       DT_DT; NO;      YES;  NO;           0;
aten::argmax;                                                    YES; YES; YES; NO;       DT_DT; NO;      YES;  NO;           0;
aten::argmin;                                                    YES; YES; YES; NO;       DT_DT; NO;      YES;  NO;           0;
aten::argsort;                                                   YES; YES; NO;  YES;      DF_DT; YES;     NO;   NO;           0;
aten::as_strided;                                                YES; YES; YES; NO;       DT_DF; NO;      NO;   NO;           0;
aten::asin;                                                      YES; YES; YES; NO;       DT_DT; NO;      YES;  NO;           0;
aten::asinh;                                                     YES; YES; YES; NO;       DT_DT; NO;      YES;  NO;           0;
aten::atan;                                                      YES; YES; YES; NO;       DT_DT; NO;      YES;  NO;           0;
aten::atan2;                                                     YES; YES; YES; NO;       DT_DT; NO;      NO;   NO;           0;
aten::atanh;                                                     YES; YES; YES; NO;       DT_DT; NO;      YES;  NO;           0;
aten::avg_pool2d;                                                YES; YES; YES; NO;       DT_DT; NO;      YES;  YES;          2; densenet161, inception_v3
aten::avg_pool2d_backward;                                       YES; YES; YES; NO;       DT_DT; NO;      NO;   NO;           0;
aten::avg_pool3d;                                                YES; YES; NO;  NO;       DT_DT; YES;     YES;  NO;           0;
aten::avg_pool3d_backward;                                       YES; YES; NO;  NO;       DT_DT; YES;     NO;   NO;           0;
aten::baddbmm;                                                   YES; YES; YES; NO;       DT_DT; NO;      NO;   NO;           0;
aten::batch_norm_backward_elemt;                                 NO;  YES; YES; NO;       DT_DF; NO;      NO;   NO;           0;
aten::batch_norm_backward_reduce;                                NO;  YES; YES; NO;       DT_DF; NO;      NO;   NO;           0;
aten::batch_norm_elemt;                                          NO;  YES; YES; NO;       DT_DF; NO;      NO;   NO;           0;
aten::batch_norm_gather_stats;                                   NO;  YES; NO;  NO;       DT_DF; YES;     NO;   NO;           0;
aten::batch_norm_gather_stats_with_counts;                       NO;  YES; YES; NO;       DT_DF; NO;      NO;   NO;           0;
aten::batch_norm_stats;                                          NO;  YES; YES; NO;       DT_DF; NO;      NO;   NO;           0;
aten::batch_norm_update_stats;                                   YES; YES; NO;  NO;       DT_DF; YES;     NO;   NO;           0;
aten::bernoulli;                                                 YES; YES; YES; NO;       DT_DT; NO;      NO;   NO;           0;
aten::binary_cross_entropy;                                      YES; YES; YES; NO;       DT_DF; NO;      NO;   NO;           0;
aten::binary_cross_entropy_backward;                             YES; YES; YES; NO;       DT_DF; NO;      NO;   NO;           0;
aten::binary_cross_entropy_with_logits;                          NO;  NO;  YES; NO;       DT_DT; NO;      NO;   NO;           0;
aten::bincount;                                                  YES; YES; NO;  NO;       DT_DF; YES;     NO;   NO;           0;
aten::binomial;                                                  YES; YES; NO;  NO;       DT_DF; YES;     NO;   NO;           0;
aten::bitwise_and;                                               YES; YES; YES; NO;       DT_DF; NO;      NO;   NO;           0;
aten::bitwise_left_shift;                                        YES; YES; YES; NO;       DT_DT; NO;      NO;   NO;           0;
aten::bitwise_not;                                               YES; YES; YES; NO;       DT_DT; NO;      YES;  NO;           0;
aten::bitwise_or;                                                YES; YES; YES; NO;       DT_DF; NO;      NO;   NO;           0;
aten::bitwise_right_shift;                                       YES; YES; YES; NO;       DT_DT; NO;      NO;   NO;           0;
aten::bitwise_xor;                                               YES; YES; YES; NO;       DT_DF; NO;      NO;   NO;           0;
aten::bmm;                                                       YES; YES; YES; NO;       DT_DT; NO;      YES;  YES;          2; dlrm_a, dlrm_github
aten::bucketize;                                                 YES; YES; NO;  NO;       DT_DF; YES;     NO;   NO;           0;
aten::cat;                                                       YES; YES; YES; NO;       DT_DT; NO;      YES;  YES;          8; densenet161, dlrm_a, dlrm_github, googlenet, inception_v3, shufflenet_v2_x1_0, squeezenet1_0, unet3d
aten::cauchy;                                                    YES; YES; NO;  NO;       DT_DT; YES;     NO;   NO;           0;
aten::ceil;                                                      YES; YES; YES; NO;       DT_DT; NO;      YES;  NO;           0;
aten::channel_shuffle;                                           YES; NO;  YES; NO;       DT_DF; NO;      NO;   YES;          1; shufflenet_v2_x1_0
aten::cholesky;                                                  YES; YES; NO;  NO;       DT_DF; YES;     NO;   NO;           0;
aten::cholesky_inverse;                                          YES; YES; NO;  NO;       DT_DF; YES;     NO;   NO;           0;
aten::clamp;                                                     YES; YES; YES; NO;       DT_DT; NO;      YES;  NO;           0;
aten::clamp_max;                                                 YES; YES; YES; NO;       DT_DT; NO;      YES;  NO;           0;
aten::clamp_min;                                                 YES; YES; YES; NO;       DT_DT; NO;      YES;  NO;           0;
aten::clone;                                                     NO;  NO;  YES; NO;       DT_DT; NO;      YES;  NO;           0;
aten::col2im;                                                    YES; YES; NO;  NO;       DT_DF; YES;     NO;   NO;           0;
aten::complex;                                                   YES; YES; NO;  NO;       DT_DT; YES;     NO;   NO;           0;
aten::conj_physical;                                             YES; YES; NO;  YES;      DF_DT; YES;     NO;   NO;           0;
aten::constant_pad_nd;                                           NO;  NO;  YES; NO;       DT_DT; NO;      YES;  NO;           0;
aten::conv_depthwise3d;                                          NO;  YES; NO;  NO;       DT_DF; YES;     NO;   NO;           0;
aten::convolution_backward;                                      NO;  YES; NO;  NO;       DT_DT; YES;     NO;   NO;           0;
aten::convolution_backward_overrideable;                         NO;  NO;  YES; NO;       DT_DT; NO;      NO;   NO;           0;
aten::convolution_overrideable;                                  NO;  NO;  YES; NO;       DT_DT; NO;      NO;   NO;           0;
aten::copy;                                                      NO;  NO;  YES; YES;      DF_DT; NO;      YES;  NO;           0;
aten::copysign;                                                  YES; YES; YES; NO;       DT_DF; NO;      NO;   NO;           0;
aten::cos;                                                       YES; YES; YES; NO;       DT_DT; NO;      YES;  NO;           0;
aten::cosh;                                                      YES; YES; YES; NO;       DT_DT; NO;      YES;  NO;           0;
aten::count_nonzero;                                             YES; YES; NO;  NO;       DT_DT; YES;     NO;   NO;           0;
aten::cudnn_affine_grid_generator;                               NO;  YES; NO;  NO;       DT_DF; YES;     NO;   NO;           0;
aten::cudnn_affine_grid_generator_backward;                      NO;  YES; NO;  NO;       DT_DF; YES;     NO;   NO;           0;
aten::cudnn_batch_norm;                                          NO;  YES; NO;  NO;       DT_DF; YES;     NO;   NO;           0;
aten::cudnn_batch_norm_backward;                                 NO;  YES; NO;  NO;       DT_DF; YES;     NO;   NO;           0;
aten::cudnn_convolution;                                         NO;  YES; NO;  NO;       DT_DF; YES;     NO;   NO;           0;
aten::cudnn_convolution_add_relu;                                NO;  YES; NO;  NO;       DT_DF; YES;     NO;   NO;           0;
aten::cudnn_convolution_relu;                                    NO;  YES; NO;  NO;       DT_DF; YES;     NO;   NO;           0;
aten::cudnn_convolution_transpose;                               NO;  YES; NO;  NO;       DT_DF; YES;     NO;   NO;           0;
aten::cudnn_grid_sampler;                                        NO;  YES; NO;  NO;       DT_DF; YES;     NO;   NO;           0;
aten::cudnn_grid_sampler_backward;                               NO;  YES; NO;  NO;       DT_DF; YES;     NO;   NO;           0;
aten::cumprod;                                                   YES; YES; YES; NO;       DT_DT; NO;      NO;   NO;           0;
aten::cumsum;                                                    YES; YES; YES; NO;       DT_DT; NO;      YES;  NO;           0;
aten::dequantize;                                                YES; YES; NO;  NO;       DT_DF; YES;     NO;   NO;           0;
aten::diag;                                                      YES; YES; YES; NO;       DT_DT; NO;      NO;   NO;           0;
aten::digamma;                                                   YES; YES; NO;  NO;       DT_DT; YES;     NO;   NO;           0;
aten::div;                                                       YES; YES; YES; NO;       DT_DT; NO;      YES;  NO;           0;
aten::dot;                                                       YES; YES; YES; NO;       DT_DF; NO;      NO;   NO;           0;
aten::dropout;                                                   NO;  NO;  YES; YES;      DF_DT; NO;      NO;   YES;          7; alexnet, googlenet, inception_v3, mnasnet1_0, mobilenet_v2, squeezenet1_0, vgg16
aten::elu;                                                       YES; YES; YES; NO;       DT_DT; NO;      YES;  NO;           0;
aten::elu_backward;                                              YES; YES; YES; NO;       DT_DT; NO;      NO;   NO;           0;
aten::embedding;                                                 NO;  NO;  YES; NO;       DT_DT; NO;      YES;  NO;           0;
aten::embedding_dense_backward;                                  YES; YES; YES; NO;       DT_DF; NO;      NO;   NO;           0;
aten::embedding_renorm;                                          YES; YES; NO;  NO;       DT_DT; YES;     NO;   NO;           0;
aten::empty;                                                     YES; YES; YES; NO;       DT_DT; NO;      NO;   NO;           0;
aten::empty_strided;                                             YES; YES; YES; NO;       DT_DF; NO;      NO;   NO;           0;
aten::eq;                                                        YES; YES; YES; NO;       DT_DT; NO;      YES;  NO;           0;
aten::equal;                                                     YES; YES; YES; NO;       DT_DF; NO;      NO;   NO;           0;
aten::erf;                                                       YES; YES; YES; NO;       DT_DT; NO;      YES;  NO;           0;
aten::erfc;                                                      YES; YES; YES; NO;       DT_DT; NO;      NO;   NO;           0;
aten::erfinv;                                                    YES; YES; YES; NO;       DT_DT; NO;      NO;   NO;           0;
aten::exp;                                                       YES; YES; YES; NO;       DT_DT; NO;      YES;  NO;           0;
aten::exp2;                                                      YES; YES; YES; NO;       DT_DT; NO;      NO;   NO;           0;
aten::expand;                                                    NO;  NO;  YES; NO;       DT_DT; NO;      YES;  NO;           0;
aten::expm1;                                                     YES; YES; YES; NO;       DT_DT; NO;      NO;   NO;           0;
aten::exponential;                                               YES; YES; YES; NO;       DT_DT; NO;      NO;   NO;           0;
aten::eye;                                                       YES; YES; YES; NO;       DT_DT; NO;      NO;   NO;           0;
aten::fake_quantize_per_channel_affine_cachemask;                YES; YES; NO;  NO;       DT_DF; YES;     NO;   NO;           0;
aten::fake_quantize_per_tensor_affine_cachemask;                 YES; YES; NO;  NO;       DT_DF; YES;     NO;   NO;           0;
aten::fill;                                                      YES; YES; YES; NO;       DT_DT; NO;      NO;   NO;           0;
aten::flip;                                                      YES; YES; YES; NO;       DT_DF; NO;      NO;   NO;           0;
aten::floor;                                                     YES; YES; YES; NO;       DT_DT; NO;      YES;  NO;           0;
aten::floor_divide;                                              YES; YES; YES; NO;       DT_DF; NO;      YES;  NO;           0;
aten::fmax;                                                      YES; YES; NO;  NO;       DT_DT; YES;     NO;   NO;           0;
aten::fmin;                                                      YES; YES; NO;  NO;       DT_DT; YES;     NO;   NO;           0;
aten::fmod;                                                      YES; YES; YES; NO;       DT_DT; NO;      NO;   NO;           0;
aten::frac;                                                      YES; YES; YES; NO;       DT_DT; NO;      NO;   NO;           0;
aten::fractional_max_pool2d;                                     YES; YES; NO;  NO;       DT_DT; YES;     NO;   NO;           0;
aten::fractional_max_pool2d_backward;                            YES; YES; NO;  NO;       DT_DT; YES;     NO;   NO;           0;
aten::fractional_max_pool3d;                                     YES; YES; NO;  NO;       DT_DT; YES;     NO;   NO;           0;
aten::fractional_max_pool3d_backward;                            YES; YES; NO;  NO;       DT_DF; YES;     NO;   NO;           0;
aten::frexp;                                                     YES; YES; YES; NO;       DT_DT; NO;      NO;   NO;           0;
aten::from_file;                                                 YES; NO;  NO;  NO;       DT_DF; NO;      NO;   NO;           0;
aten::gather;                                                    YES; YES; YES; NO;       DT_DT; NO;      NO;   NO;           0;
aten::gcd;                                                       YES; YES; NO;  NO;       DT_DT; YES;     NO;   NO;           0;
aten::ge;                                                        YES; YES; YES; NO;       DT_DF; NO;      YES;  NO;           0;
aten::gelu;                                                      YES; YES; YES; NO;       DT_DT; NO;      NO;   NO;           0;
aten::gelu_backward;                                             YES; YES; YES; NO;       DT_DT; NO;      NO;   NO;           0;
aten::geometric;                                                 YES; YES; YES; NO;       DT_DT; NO;      NO;   NO;           0;
aten::geqrf;                                                     YES; YES; NO;  NO;       DT_DF; YES;     NO;   NO;           0;
aten::glu;                                                       YES; YES; YES; NO;       DT_DT; NO;      NO;   NO;           0;
aten::glu_backward;                                              YES; YES; YES; NO;       DT_DF; NO;      NO;   NO;           0;
aten::glu_backward_jvp;                                          YES; YES; NO;  NO;       DT_DF; YES;     NO;   NO;           0;
aten::glu_jvp;                                                   YES; YES; NO;  NO;       DT_DF; YES;     NO;   NO;           0;
aten::grid_sampler_2d;                                           YES; YES; YES; NO;       DT_DF; NO;      NO;   NO;           0;
aten::grid_sampler_2d_backward;                                  YES; YES; NO;  NO;       DT_DF; YES;     NO;   NO;           0;
aten::grid_sampler_3d;                                           YES; YES; NO;  NO;       DT_DF; YES;     NO;   NO;           0;
aten::grid_sampler_3d_backward;                                  YES; YES; NO;  NO;       DT_DF; YES;     NO;   NO;           0;
aten::gt;                                                        YES; YES; YES; NO;       DT_DF; NO;      YES;  NO;           0;
aten::hardshrink;                                                YES; YES; YES; NO;       DT_DT; NO;      NO;   NO;           0;
aten::hardshrink_backward;                                       YES; YES; YES; NO;       DT_DT; NO;      NO;   NO;           0;
aten::hardsigmoid;                                               YES; YES; YES; NO;       DT_DT; NO;      NO;   NO;           0;
aten::hardsigmoid_backward;                                      YES; YES; YES; NO;       DT_DT; NO;      NO;   NO;           0;
aten::hardswish;                                                 YES; YES; YES; NO;       DT_DF; NO;      NO;   NO;           0;
aten::hardswish_backward;                                        YES; YES; YES; NO;       DT_DF; NO;      NO;   NO;           0;
aten::hardtanh;                                                  YES; YES; YES; NO;       DT_DF; NO;      YES;  NO;           0;
aten::hardtanh_backward;                                         YES; YES; YES; NO;       DT_DF; NO;      NO;   NO;           0;
aten::heaviside;                                                 YES; YES; YES; NO;       DT_DT; NO;      NO;   NO;           0;
aten::histc;                                                     YES; YES; NO;  NO;       DT_DF; YES;     NO;   NO;           0;
aten::histogram;                                                 YES; NO;  NO;  NO;       DT_DF; NO;      NO;   NO;           0;
aten::huber_loss;                                                YES; YES; YES; NO;       DT_DF; NO;      NO;   NO;           0;
aten::huber_loss_backward;                                       YES; YES; YES; NO;       DT_DT; NO;      NO;   NO;           0;
aten::hypot;                                                     YES; YES; YES; NO;       DT_DT; NO;      NO;   NO;           0;
aten::i0;                                                        YES; YES; NO;  NO;       DT_DT; YES;     NO;   NO;           0;
aten::igamma;                                                    YES; YES; NO;  NO;       DT_DT; YES;     NO;   NO;           0;
aten::igammac;                                                   YES; YES; NO;  NO;       DT_DT; YES;     NO;   NO;           0;
aten::im2col;                                                    YES; YES; NO;  NO;       DT_DF; YES;     NO;   NO;           0;
aten::index;                                                     YES; YES; YES; NO;       DT_DT; NO;      YES;  YES;          1; dlrm_github
aten::index_add;                                                 YES; YES; YES; NO;       DT_DT; NO;      NO;   NO;           0;
aten::index_copy;                                                YES; YES; YES; NO;       DT_DT; NO;      NO;   NO;           0;
aten::index_fill;                                                YES; YES; YES; NO;       DT_DF; NO;      NO;   NO;           0;
aten::index_reduce;                                              YES; YES; NO;  NO;       DT_DT; YES;     NO;   NO;           0;
aten::index_select;                                              YES; YES; YES; NO;       DT_DF; NO;      NO;   NO;           0;
aten::instance_norm;                                             NO;  NO;  YES; YES;      DF_DT; NO;      YES;  NO;           0;
aten::is_pinned;                                                 NO;  YES; YES; NO;       DT_DT; NO;      NO;   NO;           0;
aten::is_set_to;                                                 YES; YES; NO;  NO;       DT_DF; YES;     NO;   NO;           0;
aten::isfinite;                                                  NO;  NO;  YES; YES;      DF_DT; NO;      NO;   NO;           0;
aten::isin;                                                      YES; YES; NO;  NO;       DT_DF; YES;     NO;   NO;           0;
aten::isinf;                                                     NO;  NO;  YES; NO;       DT_DT; NO;      NO;   NO;           0;
aten::isnan;                                                     YES; YES; YES; NO;       DT_DF; NO;      NO;   NO;           0;
aten::isneginf;                                                  YES; YES; YES; NO;       DT_DT; NO;      NO;   NO;           0;
aten::isposinf;                                                  YES; YES; YES; NO;       DT_DT; NO;      NO;   NO;           0;
aten::kl_div;                                                    NO;  NO;  YES; YES;      DF_DT; NO;      NO;   NO;           0;
aten::kthvalue;                                                  YES; YES; NO;  NO;       DT_DT; YES;     NO;   NO;           0;
aten::l1_loss;                                                   NO;  NO;  YES; YES;      DF_DT; NO;      NO;   NO;           0;
aten::lcm;                                                       YES; YES; NO;  NO;       DT_DT; YES;     NO;   NO;           0;
aten::le;                                                        YES; YES; YES; NO;       DT_DF; NO;      YES;  NO;           0;
aten::leaky_relu;                                                YES; YES; YES; NO;       DT_DT; NO;      YES;  NO;           0;
aten::leaky_relu_backward;                                       YES; YES; YES; NO;       DT_DT; NO;      NO;   NO;           0;
aten::lerp;                                                      YES; YES; YES; NO;       DT_DT; NO;      NO;   NO;           0;
aten::lgamma;                                                    YES; YES; NO;  NO;       DT_DT; YES;     NO;   NO;           0;
aten::linalg_cholesky_ex;                                        YES; YES; NO;  NO;       DT_DT; YES;     NO;   NO;           0;
aten::linalg_cross;                                              YES; YES; YES; NO;       DT_DT; NO;      NO;   NO;           0;
aten::linalg_eig;                                                YES; YES; NO;  NO;       DT_DF; YES;     NO;   NO;           0;
aten::linalg_householder_product;                                YES; YES; NO;  NO;       DT_DF; YES;     NO;   NO;           0;
aten::linalg_inv_ex;                                             YES; YES; NO;  NO;       DT_DT; YES;     NO;   NO;           0;
aten::linalg_ldl_factor_ex;                                      YES; YES; NO;  NO;       DT_DT; YES;     NO;   NO;           0;
aten::linalg_ldl_solve;                                          YES; YES; NO;  NO;       DT_DT; YES;     NO;   NO;           0;
aten::linalg_lstsq;                                              YES; YES; NO;  NO;       DT_DT; YES;     NO;   NO;           0;
aten::linalg_lu;                                                 YES; YES; NO;  NO;       DT_DT; YES;     NO;   NO;           0;
aten::linalg_lu_factor_ex;                                       YES; YES; NO;  NO;       DT_DT; YES;     NO;   NO;           0;
aten::linalg_lu_solve;                                           YES; YES; NO;  NO;       DT_DT; YES;     NO;   NO;           0;
aten::linalg_matrix_exp;                                         YES; YES; NO;  NO;       DT_DF; YES;     NO;   NO;           0;
aten::linalg_qr;                                                 YES; YES; NO;  NO;       DT_DT; YES;     NO;   NO;           0;
aten::linalg_solve_triangular;                                   YES; YES; NO;  NO;       DT_DF; YES;     NO;   NO;           0;
aten::linalg_vector_norm;                                        YES; YES; YES; NO;       DT_DT; NO;      NO;   NO;           0;
aten::linear;                                                    NO;  NO;  YES; NO;       DT_DT; NO;      YES;  YES;         15; alexnet, densenet161, dlrm_a, dlrm_github, googlenet, inception_v3, mnasnet1_0, mobilenet_v2, r3d_18, resnet18, resnet50, resnext50_32x4d, shufflenet_v2_x1_0, vgg16, wide_resnet50_2
aten::linear_backward;                                           NO;  NO;  YES; NO;       DT_DF; NO;      NO;   NO;           0;
aten::linspace;                                                  YES; YES; YES; NO;       DT_DT; NO;      NO;   NO;           0;
aten::log;                                                       YES; YES; YES; NO;       DT_DT; NO;      YES;  NO;           0;
aten::log10;                                                     YES; YES; YES; NO;       DT_DT; NO;      NO;   NO;           0;
aten::log1p;                                                     YES; YES; YES; NO;       DT_DT; NO;      NO;   NO;           0;
aten::log2;                                                      YES; YES; YES; NO;       DT_DT; NO;      NO;   NO;           0;
aten::log_normal;                                                YES; YES; NO;  NO;       DT_DT; YES;     NO;   NO;           0;
aten::log_sigmoid_backward;                                      YES; YES; YES; NO;       DT_DF; NO;      NO;   NO;           0;
aten::log_sigmoid_forward;                                       YES; YES; YES; NO;       DT_DF; NO;      NO;   NO;           0;
aten::logaddexp;                                                 YES; YES; YES; NO;       DT_DT; NO;      NO;   NO;           0;
aten::logaddexp2;                                                YES; YES; YES; NO;       DT_DT; NO;      NO;   NO;           0;
aten::logcumsumexp;                                              NO;  NO;  YES; NO;       DT_DT; NO;      NO;   NO;           0;
aten::logical_and;                                               YES; YES; YES; NO;       DT_DT; NO;      NO;   NO;           0;
aten::logical_not;                                               YES; YES; YES; NO;       DT_DT; NO;      NO;   NO;           0;
aten::logical_or;                                                YES; YES; YES; NO;       DT_DT; NO;      NO;   NO;           0;
aten::logical_xor;                                               YES; YES; YES; NO;       DT_DT; NO;      NO;   NO;           0;
aten::logit;                                                     YES; YES; YES; NO;       DT_DF; NO;      NO;   NO;           0;
aten::logit_backward;                                            YES; YES; YES; NO;       DT_DT; NO;      NO;   NO;           0;
aten::logspace;                                                  YES; YES; YES; NO;       DT_DT; NO;      NO;   NO;           0;
aten::lt;                                                        YES; YES; YES; NO;       DT_DF; NO;      YES;  NO;           0;
aten::lu_unpack;                                                 YES; YES; NO;  NO;       DT_DT; YES;     NO;   NO;           0;
aten::masked_fill;                                               YES; YES; YES; NO;       DT_DF; NO;      YES;  NO;           0;
aten::masked_scatter;                                            YES; YES; YES; NO;       DT_DT; NO;      NO;   NO;           0;
aten::masked_select;                                             YES; YES; YES; NO;       DT_DF; NO;      NO;   NO;           0;
aten::matmul;                                                    NO;  NO;  YES; NO;       DT_DT; NO;      YES;  NO;           0;
aten::max;                                                       YES; YES; YES; NO;       DT_DF; NO;      YES;  NO;           0;
aten::max_pool2d_with_indices;                                   YES; YES; YES; NO;       DT_DT; NO;      NO;   NO;           0;
aten::max_pool2d_with_indices_backward;                          YES; YES; YES; NO;       DT_DT; NO;      NO;   NO;           0;
aten::max_pool3d_with_indices;                                   YES; YES; YES; NO;       DT_DF; NO;      NO;   NO;           0;
aten::max_pool3d_with_indices_backward;                          YES; YES; YES; NO;       DT_DF; NO;      NO;   NO;           0;
aten::max_unpool2d;                                              YES; YES; NO;  NO;       DT_DF; YES;     NO;   NO;           0;
aten::max_unpool3d;                                              YES; YES; NO;  NO;       DT_DF; YES;     NO;   NO;           0;
aten::maximum;                                                   YES; YES; YES; NO;       DT_DT; NO;      NO;   NO;           0;
aten::mean;                                                      YES; YES; YES; NO;       DT_DT; NO;      YES;  YES;          2; mnasnet1_0, shufflenet_v2_x1_0
aten::median;                                                    YES; YES; YES; NO;       DT_DF; NO;      NO;   NO;           0;
aten::min;                                                       YES; YES; YES; NO;       DT_DF; NO;      YES;  NO;           0;
aten::minimum;                                                   YES; YES; YES; NO;       DT_DT; NO;      NO;   NO;           0;
aten::miopen_batch_norm;                                         NO;  YES; NO;  NO;       DT_DF; YES;     NO;   NO;           0;
aten::miopen_batch_norm_backward;                                NO;  YES; NO;  NO;       DT_DF; YES;     NO;   NO;           0;
aten::miopen_convolution;                                        NO;  YES; NO;  NO;       DT_DF; YES;     NO;   NO;           0;
aten::miopen_convolution_add_relu;                               NO;  YES; NO;  NO;       DT_DF; YES;     NO;   NO;           0;
aten::miopen_convolution_relu;                                   NO;  YES; NO;  NO;       DT_DF; YES;     NO;   NO;           0;
aten::miopen_convolution_transpose;                              NO;  YES; NO;  NO;       DT_DF; YES;     NO;   NO;           0;
aten::miopen_depthwise_convolution;                              NO;  YES; NO;  NO;       DT_DF; YES;     NO;   NO;           0;
aten::miopen_rnn;                                                NO;  YES; NO;  NO;       DT_DF; YES;     NO;   NO;           0;
aten::miopen_rnn_backward;                                       NO;  YES; NO;  NO;       DT_DF; YES;     NO;   NO;           0;
aten::mish;                                                      YES; YES; YES; NO;       DT_DT; NO;      NO;   NO;           0;
aten::mish_backward;                                             YES; YES; YES; NO;       DT_DT; NO;      NO;   NO;           0;
aten::mm;                                                        YES; YES; YES; NO;       DT_DT; NO;      NO;   NO;           0;
aten::mode;                                                      YES; YES; NO;  NO;       DT_DF; YES;     NO;   NO;           0;
aten::mse_loss;                                                  YES; YES; YES; NO;       DT_DT; NO;      NO;   YES;          2; dlrm_a, dlrm_github
aten::mse_loss_backward;                                         YES; YES; YES; NO;       DT_DF; NO;      NO;   NO;           0;
aten::mul;                                                       YES; YES; YES; NO;       DT_DT; NO;      YES;  YES;          2; googlenet, inception_v3
aten::multi_margin_loss;                                         YES; YES; NO;  NO;       DT_DF; YES;     NO;   NO;           0;
aten::multi_margin_loss_backward;                                YES; YES; NO;  NO;       DT_DF; YES;     NO;   NO;           0;
aten::multilabel_margin_loss_backward;                           YES; YES; NO;  NO;       DT_DF; YES;     NO;   NO;           0;
aten::multilabel_margin_loss_forward;                            YES; YES; NO;  NO;       DT_DF; YES;     NO;   NO;           0;
aten::multinomial;                                               YES; YES; YES; NO;       DT_DF; NO;      NO;   NO;           0;
aten::mv;                                                        NO;  NO;  YES; NO;       DT_DT; NO;      NO;   NO;           0;
aten::mvlgamma;                                                  YES; YES; NO;  NO;       DT_DT; YES;     NO;   NO;           0;
aten::nan_to_num;                                                YES; YES; YES; NO;       DT_DT; NO;      NO;   NO;           0;
aten::nanmedian;                                                 YES; YES; NO;  NO;       DT_DF; YES;     NO;   NO;           0;
aten::nansum;                                                    YES; YES; YES; NO;       DT_DF; NO;      NO;   NO;           0;
aten::narrow_copy;                                               YES; NO;  NO;  NO;       DT_DT; NO;      NO;   NO;           0;
aten::native_batch_norm;                                         YES; YES; YES; NO;       DT_DF; NO;      NO;   NO;           0;
aten::native_batch_norm_backward;                                YES; YES; YES; NO;       DT_DF; NO;      NO;   NO;           0;
aten::native_channel_shuffle;                                    YES; NO;  NO;  NO;       DT_DT; NO;      NO;   NO;           0;
aten::native_dropout;                                            YES; YES; NO;  NO;       DT_DF; YES;     NO;   NO;           0;
aten::native_dropout_backward;                                   YES; YES; NO;  NO;       DT_DF; YES;     NO;   NO;           0;
aten::native_group_norm;                                         YES; YES; YES; NO;       DT_DT; NO;      NO;   NO;           0;
aten::native_group_norm_backward;                                YES; YES; YES; NO;       DT_DF; NO;      NO;   NO;           0;
aten::native_layer_norm;                                         YES; YES; YES; NO;       DT_DT; NO;      NO;   NO;           0;
aten::native_layer_norm_backward;                                YES; YES; YES; NO;       DT_DF; NO;      NO;   NO;           0;
aten::ne;                                                        YES; YES; YES; NO;       DT_DF; NO;      YES;  NO;           0;
aten::neg;                                                       YES; YES; YES; NO;       DT_DT; NO;      YES;  NO;           0;
aten::nextafter;                                                 YES; YES; NO;  NO;       DT_DT; YES;     NO;   NO;           0;
aten::nll_loss2d_backward;                                       YES; YES; YES; NO;       DT_DF; NO;      NO;   NO;           0;
aten::nll_loss2d_forward;                                        YES; YES; YES; NO;       DT_DF; NO;      NO;   NO;           0;
aten::nll_loss_backward;                                         YES; YES; YES; NO;       DT_DT; NO;      NO;   NO;           0;
aten::nll_loss_forward;                                          YES; YES; YES; NO;       DT_DT; NO;      NO;   NO;           0;
aten::nonzero;                                                   YES; YES; YES; NO;       DT_DF; NO;      NO;   NO;           0;
aten::norm;                                                      YES; YES; YES; NO;       DT_DT; NO;      YES;  NO;           0;
aten::normal;                                                    YES; YES; YES; NO;       DT_DF; NO;      NO;   NO;           0;
aten::one_hot;                                                   NO;  NO;  YES; YES;      DF_DT; NO;      NO;   NO;           0;
aten::ormqr;                                                     YES; YES; NO;  NO;       DT_DF; YES;     NO;   NO;           0;
aten::permute;                                                   NO;  NO;  YES; NO;       DT_DT; NO;      YES;  NO;           0;
aten::pin_memory;                                                NO;  NO;  YES; YES;      DF_DT; NO;      NO;   NO;           0;
aten::pixel_shuffle;                                             YES; NO;  NO;  NO;       DT_DT; NO;      YES;  NO;           0;
aten::pixel_unshuffle;                                           YES; NO;  NO;  NO;       DT_DT; NO;      NO;   NO;           0;
aten::poisson;                                                   YES; YES; YES; NO;       DT_DF; NO;      NO;   NO;           0;
aten::polar;                                                     YES; YES; NO;  NO;       DT_DT; YES;     NO;   NO;           0;
aten::polygamma;                                                 YES; YES; NO;  NO;       DT_DT; YES;     NO;   NO;           0;
aten::pow;                                                       YES; YES; YES; NO;       DT_DF; NO;      YES;  NO;           0;
aten::prelu;                                                     YES; YES; YES; NO;       DT_DF; NO;      YES;  NO;           0;
aten::prelu_backward;                                            YES; YES; NO;  NO;       DT_DF; YES;     NO;   NO;           0;
aten::prod;                                                      YES; YES; YES; NO;       DT_DF; NO;      YES;  NO;           0;
aten::put;                                                       YES; YES; NO;  NO;       DT_DT; YES;     NO;   NO;           0;
aten::quantize_per_channel;                                      YES; YES; NO;  NO;       DT_DF; YES;     NO;   NO;           0;
aten::quantize_per_tensor;                                       YES; YES; NO;  NO;       DT_DF; YES;     NO;   NO;           0;
aten::quantize_per_tensor_dynamic;                               YES; YES; NO;  NO;       DT_DF; YES;     NO;   NO;           0;
aten::quantized_gru;                                             YES; NO;  NO;  NA;       NA;    NO;      NO;   NO;           0;
aten::quantized_lstm;                                            YES; NO;  NO;  NA;       NA;    NO;      NO;   NO;           0;
aten::random;                                                    YES; YES; YES; NO;       DT_DT; NO;      NO;   NO;           0;
aten::randperm;                                                  YES; YES; YES; NO;       DT_DT; NO;      NO;   NO;           0;
aten::range;                                                     YES; YES; NO;  NO;       DT_DT; YES;     NO;   NO;           0;
aten::reciprocal;                                                YES; YES; YES; NO;       DT_DT; NO;      YES;  NO;           0;
aten::record_stream;                                             NO;  YES; NO;  NO;       DT_DF; YES;     NO;   NO;           0;
aten::reflection_pad1d;                                          YES; YES; YES; NO;       DT_DT; NO;      YES;  NO;           0;
aten::reflection_pad1d_backward;                                 YES; YES; YES; NO;       DT_DT; NO;      NO;   NO;           0;
aten::reflection_pad2d;                                          YES; YES; YES; NO;       DT_DF; NO;      YES;  NO;           0;
aten::reflection_pad2d_backward;                                 YES; YES; YES; NO;       DT_DF; NO;      NO;   NO;           0;
aten::reflection_pad3d;                                          YES; YES; YES; NO;       DT_DT; NO;      NO;   NO;           0;
aten::reflection_pad3d_backward;                                 YES; YES; YES; NO;       DT_DT; NO;      NO;   NO;           0;
aten::relu;                                                      YES; YES; YES; NO;       DT_DF; NO;      YES;  YES;         16; alexnet, densenet161, dlrm_a, dlrm_github, googlenet, inception_v3, mnasnet1_0, r3d_18, resnet18, resnet50, resnext50_32x4d, shufflenet_v2_x1_0, squeezenet1_0, unet3d, vgg16, wide_resnet50_2
aten::remainder;                                                 YES; YES; YES; NO;       DT_DT; NO;      NO;   NO;           0;
aten::renorm;                                                    YES; YES; NO;  NO;       DT_DT; YES;     NO;   NO;           0;
aten::repeat;                                                    NO;  NO;  YES; NO;       DT_DT; NO;      YES;  NO;           0;
aten::repeat_interleave;                                         YES; YES; YES; NO;       DT_DF; NO;      YES;  NO;           0;
aten::replication_pad1d;                                         YES; YES; YES; NO;       DT_DT; NO;      YES;  NO;           0;
aten::replication_pad1d_backward;                                YES; YES; YES; NO;       DT_DT; NO;      NO;   NO;           0;
aten::replication_pad2d;                                         YES; YES; YES; NO;       DT_DT; NO;      YES;  NO;           0;
aten::replication_pad2d_backward;                                YES; YES; YES; NO;       DT_DF; NO;      NO;   NO;           0;
aten::replication_pad3d;                                         YES; YES; YES; NO;       DT_DT; NO;      YES;  NO;           0;
aten::replication_pad3d_backward;                                YES; YES; YES; NO;       DT_DF; NO;      NO;   NO;           0;
aten::resize;                                                    YES; YES; YES; NO;       DT_DT; NO;      NO;   NO;           0;
aten::roll;                                                      YES; YES; YES; NO;       DT_DF; NO;      YES;  NO;           0;
aten::round;                                                     YES; YES; YES; NO;       DT_DT; NO;      NO;   NO;           0;
aten::rrelu_with_noise;                                          YES; YES; YES; NO;       DT_DF; NO;      NO;   NO;           0;
aten::rrelu_with_noise_backward;                                 NO;  NO;  YES; NO;       DT_DT; NO;      NO;   NO;           0;
aten::rsqrt;                                                     YES; YES; YES; NO;       DT_DT; NO;      NO;   NO;           0;
aten::rsub;                                                      YES; YES; YES; NO;       DT_DF; NO;      YES;  NO;           0;
aten::scatter;                                                   YES; YES; YES; NO;       DT_DT; NO;      YES;  NO;           0;
aten::scatter_add;                                               YES; YES; YES; NO;       DT_DT; NO;      NO;   NO;           0;
aten::scatter_reduce;                                            YES; YES; NO;  NO;       DT_DT; YES;     NO;   NO;           0;
aten::searchsorted;                                              YES; YES; NO;  NO;       DT_DF; YES;     NO;   NO;           0;
aten::segment_reduce;                                            YES; YES; NO;  NO;       DT_DF; YES;     NO;   NO;           0;
aten::select;                                                    NO;  NO;  YES; YES;      DF_DT; NO;      YES;  YES;          2; googlenet, inception_v3
aten::select_backward;                                           NO;  NO;  YES; NO;       DT_DT; NO;      NO;   NO;           0;
aten::set;                                                       YES; YES; YES; NO;       DT_DT; NO;      NO;   NO;           0;
aten::sgn;                                                       YES; YES; YES; NO;       DT_DT; NO;      NO;   NO;           0;
aten::sigmoid;                                                   YES; YES; YES; NO;       DT_DT; NO;      YES;  YES;          2; dlrm_a, dlrm_github
aten::sigmoid_backward;                                          YES; YES; YES; NO;       DT_DT; NO;      NO;   NO;           0;
aten::sign;                                                      YES; YES; YES; NO;       DT_DT; NO;      NO;   NO;           0;
aten::signbit;                                                   YES; YES; YES; NO;       DT_DT; NO;      NO;   NO;           0;
aten::silu;                                                      YES; YES; YES; NO;       DT_DT; NO;      NO;   NO;           0;
aten::silu_backward;                                             YES; YES; YES; YES;      DF_DT; NO;      NO;   NO;           0;
aten::sin;                                                       YES; YES; YES; NO;       DT_DT; NO;      YES;  NO;           0;
aten::sinc;                                                      YES; YES; YES; NO;       DT_DT; NO;      NO;   NO;           0;
aten::sinh;                                                      YES; YES; YES; NO;       DT_DT; NO;      YES;  NO;           0;
aten::slice;                                                     NO;  NO;  YES; NO;       DT_DT; NO;      YES;  YES;          3; dlrm_github, googlenet, inception_v3
aten::slow_conv3d_forward;                                       YES; NO;  NO;  NO;       DT_DF; NO;      NO;   NO;           0;
aten::slow_conv_dilated2d;                                       YES; YES; NO;  NO;       DT_DF; YES;     NO;   NO;           0;
aten::slow_conv_dilated3d;                                       YES; YES; NO;  NO;       DT_DF; YES;     NO;   NO;           0;
aten::slow_conv_transpose2d;                                     YES; YES; NO;  NO;       DT_DT; YES;     NO;   NO;           0;
aten::slow_conv_transpose3d;                                     YES; YES; NO;  NO;       DT_DF; YES;     NO;   NO;           0;
aten::smooth_l1_loss;                                            YES; YES; YES; NO;       DT_DT; NO;      NO;   NO;           0;
aten::smooth_l1_loss_backward;                                   YES; YES; YES; NO;       DT_DT; NO;      NO;   NO;           0;
aten::softmax;                                                   NO;  NO;  YES; YES;      DF_DT; NO;      YES;  NO;           0;
aten::softplus;                                                  YES; YES; YES; NO;       DT_DT; NO;      NO;   NO;           0;
aten::softplus_backward;                                         YES; YES; YES; NO;       DT_DT; NO;      NO;   NO;           0;
aten::softshrink;                                                YES; YES; YES; NO;       DT_DT; NO;      NO;   NO;           0;
aten::softshrink_backward;                                       YES; YES; YES; NO;       DT_DT; NO;      NO;   NO;           0;
aten::sort;                                                      YES; YES; YES; NO;       DT_DT; NO;      NO;   NO;           0;
aten::special_airy_ai;                                           YES; YES; NO;  NO;       DT_DT; YES;     NO;   NO;           0;
aten::special_bessel_j0;                                         YES; YES; NO;  NO;       DT_DT; YES;     NO;   NO;           0;
aten::special_bessel_j1;                                         YES; YES; NO;  NO;       DT_DT; YES;     NO;   NO;           0;
aten::special_bessel_y0;                                         YES; YES; NO;  NO;       DT_DT; YES;     NO;   NO;           0;
aten::special_bessel_y1;                                         YES; YES; NO;  NO;       DT_DT; YES;     NO;   NO;           0;
aten::special_chebyshev_polynomial_t;                            YES; YES; NO;  NO;       DT_DT; YES;     NO;   NO;           0;
aten::special_chebyshev_polynomial_u;                            YES; YES; NO;  NO;       DT_DT; YES;     NO;   NO;           0;
aten::special_chebyshev_polynomial_v;                            YES; YES; NO;  NO;       DT_DT; YES;     NO;   NO;           0;
aten::special_chebyshev_polynomial_w;                            YES; YES; NO;  NO;       DT_DT; YES;     NO;   NO;           0;
aten::special_entr;                                              YES; YES; YES; NO;       DT_DT; NO;      NO;   NO;           0;
aten::special_erfcx;                                             YES; YES; NO;  NO;       DT_DT; YES;     NO;   NO;           0;
aten::special_hermite_polynomial_h;                              YES; YES; NO;  NO;       DT_DT; YES;     NO;   NO;           0;
aten::special_hermite_polynomial_he;                             YES; YES; NO;  NO;       DT_DT; YES;     NO;   NO;           0;
aten::special_i0e;                                               YES; YES; NO;  NO;       DT_DT; YES;     NO;   NO;           0;
aten::special_i1;                                                YES; YES; NO;  NO;       DT_DT; YES;     NO;   NO;           0;
aten::special_i1e;                                               YES; YES; NO;  NO;       DT_DT; YES;     NO;   NO;           0;
aten::special_laguerre_polynomial_l;                             YES; YES; NO;  NO;       DT_DT; YES;     NO;   NO;           0;
aten::special_legendre_polynomial_p;                             YES; YES; NO;  NO;       DT_DT; YES;     NO;   NO;           0;
aten::special_log_ndtr;                                          YES; YES; NO;  NO;       DT_DT; YES;     NO;   NO;           0;
aten::special_modified_bessel_i0;                                YES; YES; NO;  NO;       DT_DT; YES;     NO;   NO;           0;
aten::special_modified_bessel_i1;                                YES; YES; NO;  NO;       DT_DT; YES;     NO;   NO;           0;
aten::special_modified_bessel_k0;                                YES; YES; NO;  NO;       DT_DT; YES;     NO;   NO;           0;
aten::special_modified_bessel_k1;                                YES; YES; NO;  NO;       DT_DT; YES;     NO;   NO;           0;
aten::special_ndtri;                                             YES; YES; NO;  NO;       DT_DT; YES;     NO;   NO;           0;
aten::special_scaled_modified_bessel_k0;                         YES; YES; NO;  NO;       DT_DT; YES;     NO;   NO;           0;
aten::special_scaled_modified_bessel_k1;                         YES; YES; NO;  NO;       DT_DT; YES;     NO;   NO;           0;
aten::special_shifted_chebyshev_polynomial_t;                    YES; YES; NO;  NO;       DT_DT; YES;     NO;   NO;           0;
aten::special_shifted_chebyshev_polynomial_u;                    YES; YES; NO;  NO;       DT_DT; YES;     NO;   NO;           0;
aten::special_shifted_chebyshev_polynomial_v;                    YES; YES; NO;  NO;       DT_DT; YES;     NO;   NO;           0;
aten::special_shifted_chebyshev_polynomial_w;                    YES; YES; NO;  NO;       DT_DT; YES;     NO;   NO;           0;
aten::special_spherical_bessel_j0;                               YES; YES; NO;  NO;       DT_DT; YES;     NO;   NO;           0;
aten::special_xlog1py;                                           YES; YES; YES; NO;       DT_DT; NO;      NO;   NO;           0;
aten::special_zeta;                                              YES; YES; NO;  NO;       DT_DT; YES;     NO;   NO;           0;
aten::split;                                                     NO;  NO;  YES; NO;       DT_DT; NO;      YES;  NO;           0;
aten::split_with_sizes;                                          NO;  NO;  YES; NO;       DT_DT; NO;      YES;  NO;           0;
aten::sqrt;                                                      YES; YES; YES; NO;       DT_DT; NO;      YES;  NO;           0;
aten::squeeze;                                                   NO;  NO;  YES; NO;       DT_DT; NO;      YES;  NO;           0;
aten::sspaddmm;                                                  YES; YES; NO;  YES;      DF_DT; YES;     NO;   NO;           0;
aten::std;                                                       YES; YES; YES; YES;      DF_DT; NO;      NO;   NO;           0;
aten::std_mean;                                                  YES; YES; YES; YES;      DF_DT; NO;      NO;   NO;           0;
aten::sub;                                                       YES; YES; YES; NO;       DT_DF; NO;      YES;  NO;           0;
aten::sum;                                                       YES; YES; YES; NO;       DT_DT; NO;      YES;  NO;           0;
aten::t;                                                         NO;  NO;  YES; NO;       DT_DT; NO;      YES;  NO;           0;
aten::take;                                                      YES; YES; YES; NO;       DT_DF; NO;      NO;   NO;           0;
aten::tan;                                                       YES; YES; YES; NO;       DT_DT; NO;      YES;  NO;           0;
aten::tanh;                                                      YES; YES; YES; NO;       DT_DT; NO;      YES;  NO;           0;
aten::tanh_backward;                                             YES; YES; YES; NO;       DT_DT; NO;      NO;   NO;           0;
aten::tensordot;                                                 YES; YES; NO;  YES;      DF_DT; YES;     NO;   NO;           0;
aten::threshold;                                                 YES; YES; YES; NO;       DT_DT; NO;      NO;   NO;           0;
aten::threshold_backward;                                        YES; YES; YES; NO;       DT_DT; NO;      NO;   NO;           0;
aten::to_mkldnn;                                                 YES; NO;  NO;  NO;       DT_DF; NO;      NO;   NO;           0;
aten::to_sparse;                                                 YES; YES; NO;  NO;       DT_DF; YES;     NO;   NO;           0;
aten::to_sparse_bsc;                                             YES; YES; NO;  NO;       DT_DF; YES;     NO;   NO;           0;
aten::to_sparse_bsr;                                             YES; YES; NO;  NO;       DT_DF; YES;     NO;   NO;           0;
aten::to_sparse_csc;                                             YES; YES; NO;  NO;       DT_DF; YES;     NO;   NO;           0;
aten::to_sparse_csr;                                             YES; YES; NO;  NO;       DT_DF; YES;     NO;   NO;           0;
aten::topk;                                                      YES; YES; YES; NO;       DT_DT; NO;      YES;  NO;           0;
aten::trace;                                                     YES; YES; YES; NO;       DT_DF; NO;      NO;   NO;           0;
aten::transpose;                                                 NO;  NO;  YES; NO;       DT_DT; NO;      YES;  YES;          2; dlrm_a, dlrm_github
aten::triangular_solve;                                          YES; YES; NO;  NO;       DT_DT; YES;     NO;   NO;           0;
aten::tril;                                                      YES; YES; YES; NO;       DT_DT; NO;      NO;   NO;           0;
aten::tril_indices;                                              YES; YES; NO;  NO;       DT_DF; YES;     NO;   NO;           0;
aten::triu;                                                      YES; YES; YES; NO;       DT_DT; NO;      NO;   NO;           0;
aten::triu_indices;                                              YES; YES; NO;  NO;       DT_DF; YES;     NO;   NO;           0;
aten::trunc;                                                     YES; YES; YES; NO;       DT_DT; NO;      NO;   NO;           0;
aten::unbind;                                                    NO;  NO;  YES; NO;       DT_DT; NO;      YES;  NO;           0;
aten::unfold;                                                    YES; YES; NO;  NO;       DT_DF; YES;     NO;   NO;           0;
aten::unfold_backward;                                           YES; YES; NO;  NO;       DT_DF; YES;     NO;   NO;           0;
aten::uniform;                                                   YES; YES; YES; NO;       DT_DT; NO;      NO;   NO;           0;
aten::unique_consecutive;                                        YES; YES; NO;  NO;       DT_DF; YES;     NO;   NO;           0;
aten::unique_dim;                                                YES; YES; YES; NO;       DT_DF; NO;      NO;   NO;           0;
aten::unique_dim_consecutive;                                    YES; YES; NO;  NO;       DT_DF; YES;     NO;   NO;           0;
aten::unsqueeze;                                                 NO;  NO;  YES; NO;       DT_DT; NO;      YES;  YES;          2; googlenet, inception_v3
aten::upsample_bicubic2d;                                        YES; YES; YES; NO;       DT_DT; NO;      NO;   NO;           0;
aten::upsample_bicubic2d_backward;                               YES; YES; YES; NO;       DT_DT; NO;      NO;   NO;           0;
aten::upsample_bilinear2d;                                       YES; YES; YES; NO;       DT_DT; NO;      YES;  NO;           0;
aten::upsample_bilinear2d_backward;                              YES; YES; YES; NO;       DT_DT; NO;      NO;   NO;           0;
aten::upsample_linear1d;                                         YES; YES; YES; NO;       DT_DT; NO;      YES;  NO;           0;
aten::upsample_linear1d_backward;                                YES; YES; YES; NO;       DT_DT; NO;      NO;   NO;           0;
aten::upsample_nearest1d;                                        YES; YES; YES; NO;       DT_DT; NO;      YES;  NO;           0;
aten::upsample_nearest1d_backward;                               YES; YES; YES; NO;       DT_DT; NO;      NO;   NO;           0;
aten::upsample_nearest2d;                                        YES; YES; YES; NO;       DT_DT; NO;      YES;  NO;           0;
aten::upsample_nearest2d_backward;                               YES; YES; YES; NO;       DT_DT; NO;      NO;   NO;           0;
aten::upsample_nearest3d;                                        YES; YES; YES; NO;       DT_DT; NO;      YES;  NO;           0;
aten::upsample_nearest3d_backward;                               YES; YES; YES; NO;       DT_DT; NO;      NO;   NO;           0;
aten::upsample_trilinear3d;                                      YES; YES; NO;  NO;       DT_DT; YES;     YES;  NO;           0;
aten::upsample_trilinear3d_backward;                             YES; YES; NO;  NO;       DT_DT; YES;     NO;   NO;           0;
aten::var;                                                       YES; YES; YES; YES;      DF_DT; NO;      NO;   NO;           0;
aten::var_mean;                                                  YES; YES; YES; YES;      DF_DT; NO;      NO;   NO;           0;
aten::vdot;                                                      YES; YES; YES; NO;       DT_DF; NO;      NO;   NO;           0;
aten::view;                                                      YES; YES; YES; NO;       DT_DF; NO;      YES;  YES;          2; dlrm_a, dlrm_github
aten::view_as_complex;                                           YES; YES; NO;  NO;       DT_DF; YES;     NO;   NO;           0;
aten::view_as_real;                                              YES; YES; NO;  NO;       DT_DF; YES;     NO;   NO;           0;
aten::where;                                                     YES; YES; YES; YES;      DF_DT; NO;      NO;   NO;           0;
aten::xlogy;                                                     YES; YES; YES; NO;       DT_DT; NO;      NO;   NO;           0;
aten::zero;                                                      YES; YES; YES; NO;       DT_DT; NO;      NO;   NO;           0;
c10d::allreduce;                                                 YES; YES; NO;  NA;       NA;    YES;     NO;   NO;           0;
c10d::broadcast;                                                 YES; YES; NO;  NA;       NA;    YES;     NO;   NO;           0;
c10d::recv;                                                      YES; YES; NO;  NA;       NA;    YES;     NO;   NO;           0;
c10d::send;                                                      YES; YES; NO;  NA;       NA;    YES;     NO;   NO;           0;
mkldnn_prepacked::conv2d_prepack;                                YES; NO;  NO;  NA;       NA;    NO;      NO;   NO;           0;
mkldnn_prepacked::conv2d_run;                                    YES; NO;  NO;  NA;       NA;    NO;      NO;   NO;           0;
prepacked::conv2d_clamp_prepack;                                 YES; NO;  NO;  NA;       NA;    NO;      NO;   NO;           0;
prepacked::conv2d_clamp_run;                                     YES; NO;  NO;  NA;       NA;    NO;      NO;   NO;           0;
prepacked::conv2d_transpose_clamp_prepack;                       YES; NO;  NO;  NA;       NA;    NO;      NO;   NO;           0;
prepacked::conv2d_transpose_clamp_run;                           YES; NO;  NO;  NA;       NA;    NO;      NO;   NO;           0;
prepacked::linear_clamp_prepack;                                 YES; NO;  NO;  NA;       NA;    NO;      NO;   NO;           0;
prepacked::linear_clamp_run;                                     YES; NO;  NO;  NA;       NA;    NO;      NO;   NO;           0;
quantization::_Bfloat16QuantizedToFloat;                         YES; YES; NO;  NA;       NA;    YES;     NO;   NO;           0;
quantization::_FloatToBfloat16Quantized;                         YES; YES; NO;  NA;       NA;    YES;     NO;   NO;           0;
quantized::conv1d_dynamic;                                       YES; NO;  NO;  NA;       NA;    NO;      NO;   NO;           0;
quantized::conv2d_dynamic;                                       YES; NO;  NO;  NA;       NA;    NO;      NO;   NO;           0;
quantized::conv3d_dynamic;                                       YES; NO;  NO;  NA;       NA;    NO;      NO;   NO;           0;
quantized::conv_transpose1d_dynamic;                             YES; NO;  NO;  NA;       NA;    NO;      NO;   NO;           0;
quantized::conv_transpose2d_dynamic;                             YES; NO;  NO;  NA;       NA;    NO;      NO;   NO;           0;
quantized::conv_transpose3d_dynamic;                             YES; NO;  NO;  NA;       NA;    NO;      NO;   NO;           0;
quantized::embedding_4bit;                                       YES; NO;  NO;  NA;       NA;    NO;      NO;   NO;           0;
quantized::embedding_bag_2bit_prepack;                           YES; NO;  NO;  NA;       NA;    NO;      NO;   NO;           0;
quantized::embedding_bag_2bit_rowwise_offsets;                   YES; NO;  NO;  NA;       NA;    NO;      NO;   NO;           0;
quantized::embedding_bag_2bit_unpack;                            YES; NO;  NO;  NA;       NA;    NO;      NO;   NO;           0;
quantized::embedding_bag_4bit;                                   YES; NO;  NO;  NA;       NA;    NO;      NO;   NO;           0;
quantized::embedding_bag_4bit_prepack;                           YES; NO;  NO;  NA;       NA;    NO;      NO;   NO;           0;
quantized::embedding_bag_4bit_rowwise_offsets;                   YES; YES; NO;  NA;       NA;    YES;     NO;   NO;           0;
quantized::embedding_bag_4bit_unpack;                            YES; YES; NO;  NA;       NA;    YES;     NO;   NO;           0;
quantized::embedding_bag_byte;                                   YES; NO;  NO;  NA;       NA;    NO;      NO;   NO;           0;
quantized::embedding_bag_byte_prepack;                           YES; NO;  NO;  NA;       NA;    NO;      NO;   NO;           0;
quantized::embedding_bag_byte_rowwise_offsets;                   YES; YES; NO;  NA;       NA;    YES;     NO;   NO;           0;
quantized::embedding_bag_byte_unpack;                            YES; YES; NO;  NA;       NA;    YES;     NO;   NO;           0;
quantized::embedding_byte;                                       YES; NO;  NO;  NA;       NA;    NO;      NO;   NO;           0;
quantized::linear_dynamic;                                       YES; NO;  NO;  NA;       NA;    NO;      NO;   NO;           0;
quantized::linear_dynamic_fp16;                                  YES; NO;  NO;  NA;       NA;    NO;      NO;   NO;           0;
quantized::linear_prepack_fp16;                                  YES; NO;  NO;  NA;       NA;    NO;      NO;   NO;           0;
quantized::linear_prepack_fp16_legacy;                           YES; NO;  NO;  NA;       NA;    NO;      NO;   NO;           0;
quantized::linear_relu_dynamic;                                  YES; NO;  NO;  NA;       NA;    NO;      NO;   NO;           0;
quantized::linear_relu_dynamic_fp16;                             YES; NO;  NO;  NA;       NA;    NO;      NO;   NO;           0;
quantized::linear_unpack;                                        YES; NO;  NO;  NA;       NA;    NO;      NO;   NO;           0;
quantized::linear_unpack_fp16;                                   YES; NO;  NO;  NA;       NA;    NO;      NO;   NO;           0;
quantized::make_quantized_cell_params;                           YES; NO;  NO;  NA;       NA;    NO;      NO;   NO;           0;
quantized::make_quantized_cell_params_dynamic;                   YES; NO;  NO;  NA;       NA;    NO;      NO;   NO;           0;
quantized::quantized_gru_cell_dynamic;                           YES; NO;  NO;  NA;       NA;    NO;      NO;   NO;           0;
quantized::quantized_lstm_cell_dynamic;                          YES; NO;  NO;  NA;       NA;    NO;      NO;   NO;           0;
quantized::quantized_rnn_relu_cell_dynamic;                      YES; NO;  NO;  NA;       NA;    NO;      NO;   NO;           0;
quantized::quantized_rnn_tanh_cell_dynamic;                      YES; NO;  NO;  NA;       NA;    NO;      NO;   NO;           0;
sparse::qlinear_dynamic;                                         YES; NO;  NO;  NA;       NA;    NO;      NO;   NO;           0;
sparse::qlinear_relu_dynamic;                                    YES; NO;  NO;  NA;       NA;    NO;      NO;   NO;           0;
torchvision::_roi_align_backward;                                NO;  NO;  YES; NA;       NA;    NO;      NO;   NO;           0;
torchvision::nms;                                                NO;  NO;  YES; NA;       NA;    NO;      NO;   NO;           0;
torchvision::roi_align;                                          NO;  NO;  YES; NA;       NA;    NO;      NO;   NO;           0;
aten::chunk;                                                     NO;  NO;  NO;  YES;      DF_DT; NO;      NO;   YES;          1; shufflenet_v2_x1_0
aten::conv2d;                                                    NO;  NO;  NO;  YES;      DF_DT; NO;      NO;   YES;         13; alexnet, densenet161, googlenet, inception_v3, mnasnet1_0, mobilenet_v2, resnet18, resnet50, resnext50_32x4d, shufflenet_v2_x1_0, squeezenet1_0, vgg16, wide_resnet50_2
aten::conv3d;                                                    NO;  NO;  NO;  YES;      DF_DT; NO;      NO;   YES;          2; r3d_18, unet3d
aten::detach;                                                    NO;  NO;  NO;  NO;       DT_DT; NO;      NO;   YES;          1; dlrm_github
aten::embedding_bag;                                             NO;  NO;  NO;  YES;      DF_DT; NO;      NO;   YES;          2; dlrm_a, dlrm_github
aten::flatten;                                                   NO;  NO;  NO;  YES;      DF_DT; NO;      YES;  YES;         11; alexnet, densenet161, googlenet, inception_v3, r3d_18, resnet18, resnet50, resnext50_32x4d, squeezenet1_0, vgg16, wide_resnet50_2
aten::group_norm;                                                NO;  NO;  NO;  YES;      DF_DT; NO;      NO;   YES;          1; unet3d
aten::max_pool2d;                                                NO;  NO;  NO;  YES;      DF_DT; NO;      YES;  YES;         11; alexnet, densenet161, googlenet, inception_v3, resnet18, resnet50, resnext50_32x4d, shufflenet_v2_x1_0, squeezenet1_0, vgg16, wide_resnet50_2
aten::max_pool3d;                                                NO;  NO;  NO;  YES;      DF_DT; NO;      YES;  YES;          1; unet3d
aten::relu6;                                                     NO;  NO;  NO;  YES;      DF_DT; NO;      NO;   YES;          1; mobilenet_v2
aten::reshape;                                                   NO;  NO;  NO;  YES;      DF_DT; NO;      YES;  YES;          2; dlrm_a, mobilenet_v2
aten::to;                                                        NO;  NO;  NO;  YES;      DF_DT; NO;      YES;  YES;          1; dlrm_github
preambler::adagrad;                                              NO;  NO;  NO;  NA;       NA;    NO;      NO;   YES;          2; dlrm_a, dlrm_github
preambler::append;                                               NO;  NO;  NO;  NA;       NA;    NO;      NO;   YES;          1; densenet161
preambler::batch_norm2d;                                         NO;  NO;  NO;  NA;       NA;    NO;      NO;   YES;         10; densenet161, googlenet, inception_v3, mnasnet1_0, mobilenet_v2, resnet18, resnet50, resnext50_32x4d, shufflenet_v2_x1_0, wide_resnet50_2
preambler::batch_norm3d;                                         NO;  NO;  NO;  NA;       NA;    NO;      NO;   YES;          1; r3d_18
preambler::bce_loss;                                             NO;  NO;  NO;  NA;       NA;    NO;      NO;   YES;          2; dlrm_a, dlrm_github
preambler::conv3d_simple;                                        NO;  NO;  NO;  NA;       NA;    NO;      NO;   YES;          1; r3d_18
preambler::embedding_bag_rowwise_sparse_adagrad;                 NO;  NO;  NO;  NA;       NA;    NO;      NO;   YES;          2; dlrm_a, dlrm_github
preambler::embedding_bag_sparse_adagrad;                         NO;  NO;  NO;  NA;       NA;    NO;      NO;   YES;          2; dlrm_a, dlrm_github
preambler::embedding_bag_sparse_sgd;                             NO;  NO;  NO;  NA;       NA;    NO;      NO;   YES;          2; dlrm_a, dlrm_github
preambler::hogwild_sparse_adagrad;                               NO;  NO;  NO;  NA;       NA;    NO;      NO;   YES;          2; dlrm_a, dlrm_github
preambler::listconstruct;                                        NO;  NO;  NO;  NA;       NA;    NO;      NO;   YES;          8; densenet161, dlrm_a, dlrm_github, googlenet, inception_v3, shufflenet_v2_x1_0, squeezenet1_0, unet3d
preambler::numtotensor;                                          NO;  NO;  NO;  NA;       NA;    NO;      NO;   YES;          2; dlrm_a, dlrm_github
preambler::output0;                                              NO;  NO;  NO;  NA;       NA;    NO;      NO;   YES;         17; alexnet, densenet161, dlrm_a, dlrm_github, googlenet, inception_v3, mnasnet1_0, mobilenet_v2, r3d_18, resnet18, resnet50, resnext50_32x4d, shufflenet_v2_x1_0, squeezenet1_0, unet3d, vgg16, wide_resnet50_2
preambler::rowwise_sparse_adagrad;                               NO;  NO;  NO;  NA;       NA;    NO;      NO;   YES;          2; dlrm_a, dlrm_github
preambler::sgd;                                                  NO;  NO;  NO;  NA;       NA;    NO;      NO;   YES;          2; dlrm_a, dlrm_github
preambler::sparse_adagrad;                                       NO;  NO;  NO;  NA;       NA;    NO;      NO;   YES;          2; dlrm_a, dlrm_github
preambler::sparse_sgd;                                           NO;  NO;  NO;  NA;       NA;    NO;      NO;   YES;          2; dlrm_a, dlrm_github
preambler::upsampling;                                           NO;  NO;  NO;  NA;       NA;    NO;      NO;   YES;          1; unet3d
